{
  "name":"Diamondbacks",
  "payroll":89000000,
  "coordinates":[
    -112.066662,
    33.444799
  ],
  "ballpark":"Chase Field",
  "city":"Phoenix",
  "league":"National League",
  "year":"2013",
  "players":[
    {
      "name":"Miguel Montero",
      "position":"Catcher",
      "salary":10000000
    },
    {
      "name":"Jason Kubel",
      "position":"Outfield",
      "salary":7500000
    },
    {
      "name":"Martin Prado",
      "position":"Left Field",
      "salary":7000000
    },
    {
      "name":"J.J. Putz",
      "position":"Relief Pitcher",
      "salary":6500000
    },
    {
      "name":"Heath Bell",
      "position":"Relief Pitcher",
      "salary":6000000
    },
    {
      "name":"Cody Ross",
      "position":"Right Field",
      "salary":6000000
    },
    {
      "name":"Trevor Cahill",
      "position":"Starting Pitcher",
      "salary":5700000
    },
    {
      "name":"Aaron Hill",
      "position":"2nd Base",
      "salary":5500000
    },
    {
      "name":"Brandon McCarthy",
      "position":"Starting Pitcher",
      "salary":5250000
    },
    {
      "name":"Ian Kennedy",
      "position":"Starting Pitcher",
      "salary":4265000
    },
    {
      "name":"Brad Ziegler",
      "position":"Relief Pitcher",
      "salary":3150000
    },
    {
      "name":"Eric Chavez",
      "position":"1st Base",
      "salary":3000000
    },
    {
      "name":"Gerardo Parra",
      "position":"Center Field",
      "salary":2350000
    },
    {
      "name":"Willie Bloomquist",
      "position":"3rd Base",
      "salary":1900000
    },
    {
      "name":"Cliff Pennington",
      "position":"Shortstop",
      "salary":1750000
    },
    {
      "name":"John McDonald",
      "position":"Shortstop",
      "salary":1500000
    },
    {
      "name":"David Hernandez",
      "position":"Starting Pitcher",
      "salary":1375000
    },
    {
      "name":"Eric Hinske",
      "position":"Left Field",
      "salary":1350000
    },
    {
      "name":"Tony Sipp",
      "position":"Relief Pitcher",
      "salary":1275000
    },
    {
      "name":"Wil Nieves",
      "position":"Catcher",
      "salary":800000
    },
    {
      "name":"Wade Miley",
      "position":"Starting Pitcher",
      "salary":500500
    }
  ]
}{
  "name":"Braves",
  "payroll":85000000,
  "ballpark":"Turner Field",
  "coordinates":[
    -84.38839,
    33.734708
  ],
  "city":"Atlanta",
  "league":"National League",
  "year":"2013",
  "name":"Braves",
  "players":[
    {
      "name":"Dan Uggla",
      "position":"Second Base",
      "salary":13146942
    },
    {
      "name":"B.J. Upton",
      "position":"Center Field",
      "salary":1300000
    },
    {
      "name":"Brian McCann",
      "position":"Catcher",
      "salary":11500000
    },
    {
      "name":"Justin Upton",
      "position":"Right Field",
      "salary":9958333
    },
    {
      "name":"Tim Hudson",
      "position":"Starting Pitcher",
      "salary":9000000
    },
    {
      "name":"Paul Maholm",
      "position":"Starting Pitcher",
      "salary":6250000
    },
    {
      "name":"Eric O'Flaherty",
      "position":"",
      "salary":2490000
    },
    {
      "name":"Reed Johnson",
      "position":"",
      "salary":1150000
    },
    {
      "name":"Gerald Laird",
      "position":"",
      "salary":1000000
    },
    {
      "name":"Craig Kimbrel",
      "position":"",
      "salary":590000
    },
    {
      "name":"Jason Heyward",
      "position":"",
      "salary":565000
    },
    {
      "name":"Freddie Freeman",
      "position":"",
      "salary":535000
    },
    {
      "name":"Jonny Venters",
      "position":"",
      "salary":533000
    },
    {
      "name":"Jordan Walden",
      "position":"",
      "salary":495000
    },
    {
      "name":"Chris Johnson",
      "position":"",
      "salary":495000
    },
    {
      "name":"Brandon Beachy",
      "position":"",
      "salary":495000
    },
    {
      "name":"Cristhian Martinez",
      "position":"",
      "salary":491250
    },
    {
      "name":"Kris Medlen",
      "position":"",
      "salary":490000
    },
    {
      "name":"Jordan Schafer",
      "position":"",
      "salary":489000
    },
    {
      "name":"David Carpenter",
      "position":"",
      "salary":485000
    },
    {
      "name":"Mike Minor",
      "position":"",
      "salary":482500
    },
    {
      "name":"Anthony Varvaro",
      "position":"",
      "salary":481250
    },
    {
      "name":"Juan Francisco",
      "position":"",
      "salary":480000
    },
    {
      "name":"Tyler Pastornicky",
      "position":"",
      "salary":480000
    }
  ]
}{
  "name":"Orioles",
  "payroll":92000000,
  "ballpark":"Oriole Park",
  "coordinates":[
    -76.620214,
    39.284072
  ],
  "city":"Baltimore",
  "league":"American League",
  "year":"2013",
  "players":[
    {
      "name":"Nick Markakis",
      "position":"Right Field",
      "salary":15350000
    },
    {
      "name":"Brian Roberts",
      "position":"Second Base",
      "salary":10000000
    },
    {
      "name":"Adam Jones",
      "position":"Center Field",
      "salary":8833333
    },
    {
      "name":"J.J. Hardy",
      "position":"Shortstop",
      "salary":7416667
    },
    {
      "name":"Jason Hammel",
      "position":"Starting Pitcher",
      "salary":6750000
    },
    {
      "name":"Tsuyoshi Wada",
      "position":"Starting Pitcher",
      "salary":4070000
    },
    {
      "name":"Wei-Yin Chen",
      "position":"",
      "salary":3155333
    },
    {
      "name":"Jim Johnson",
      "position":"",
      "salary":2625000
    },
    {
      "name":"Nate McLouth",
      "position":"",
      "salary":1750000
    },
    {
      "name":"Brian Matusz",
      "position":"",
      "salary":1450000
    },
    {
      "name":"Alexi Casilla",
      "position":"",
      "salary":1382500
    },
    {
      "name":"Darren O'Day",
      "position":"",
      "salary":1350000
    },
    {
      "name":"Wilson Betemit",
      "position":"",
      "salary":1250000
    },
    {
      "name":"Luis Ayala",
      "position":"",
      "salary":825000
    },
    {
      "name":"Danny Valencia",
      "position":"",
      "salary":515000
    },
    {
      "name":"Matt Wieters",
      "position":"",
      "salary":500000
    },
    {
      "name":"Tommy Hunter",
      "position":"",
      "salary":493500
    },
    {
      "name":"Nolan Reimold",
      "position":"",
      "salary":490500
    },
    {
      "name":"Taylor Teagarden",
      "position":"",
      "salary":489500
    },
    {
      "name":"Jake Arrieta",
      "position":"",
      "salary":488500
    },
    {
      "name":"Chris Davis",
      "position":"",
      "salary":488000
    },
    {
      "name":"Zach Britton",
      "position":"",
      "salary":486000
    },
    {
      "name":"Troy Patton",
      "position":"",
      "salary":483500
    },
    {
      "name":"Yamaico Navarro",
      "position":"",
      "salary":483000
    }
  ]
}{
  "name":"Red Sox",
  "payroll":150000000,
  "ballpark":"Fenway Park",
  "coordinates":[
    -71.09817,
    42.346251
  ],
  "city":"Boston",
  "league":"American League",
  "year":"2013",
  "players":[
    {
      "name":"John Lackey",
      "position":"Starting Pitcher",
      "salary":15950000
    },
    {
      "name":"David Ortiz",
      "position":"Designated Hitter",
      "salary":14575000
    },
    {
      "name":"Ryan Dempster",
      "position":"Starting Pitcher",
      "salary":14000000
    },
    {
      "name":"Shane Victorino",
      "position":"Center Field",
      "salary":9500000
    },
    {
      "name":"Mike Napoli",
      "position":"First Base",
      "salary":9400000
    },
    {
      "name":"Dustin Pedroia",
      "position":"Second Base",
      "salary":8250000
    },
    {
      "name":"Jacoby Ellsbury",
      "position":"Center Field",
      "salary":8050000
    },
    {
      "name":"Stephen Drew",
      "position":"Shortstop",
      "salary":7750000
    },
    {
      "name":"Jon Lester",
      "position":"",
      "salary":7625000
    },
    {
      "name":"Joel Hanrahan",
      "position":"",
      "salary":4100000
    },
    {
      "name":"Koji Uehara",
      "position":"",
      "salary":4000000
    },
    {
      "name":"Andrew Bailey",
      "position":"",
      "salary":3900000
    },
    {
      "name":"Clay Buchholz",
      "position":"",
      "salary":3750000
    },
    {
      "name":"Jarrod Saltalamacchia",
      "position":"",
      "salary":2500000
    },
    {
      "name":"Craig Breslow",
      "position":"",
      "salary":1795000
    },
    {
      "name":"David Ross",
      "position":"",
      "salary":1625000
    },
    {
      "name":"Daniel Bard",
      "position":"",
      "salary":1612500
    },
    {
      "name":"Alfredo Aceves",
      "position":"",
      "salary":1200000
    },
    {
      "name":"Andrew Miller",
      "position":"",
      "salary":1040000
    },
    {
      "name":"Jonny Gomes",
      "position":"",
      "salary":1000000
    },
    {
      "name":"Franklin Morales",
      "position":"",
      "salary":850000
    },
    {
      "name":"Mike Carp",
      "position":"",
      "salary":488800
    },
    {
      "name":"Felix Doubront",
      "position":"",
      "salary":484000
    }
  ]
}{
  "name":"White Sox",
  "payroll":117000000,
  "ballpark":"U.S. Cellular Field",
  "coordinates":[
    -87.633788,
    41.829347
  ],
  "city":"Chicago",
  "league":"American League",
  "year":"2013",
  "players":[
    {
      "name":"John Danks",
      "position":"Starting Pitcher",
      "salary":15750000
    },
    {
      "name":"Jake Peavy",
      "position":"Starting Pitcher",
      "salary":17000000
    },
    {
      "name":"Adam Dunn",
      "position":"Designated Hitter",
      "salary":15000000
    },
    {
      "name":"Alex Rios",
      "position":"Center Field",
      "salary":12500000
    },
    {
      "name":"Paul Konerko",
      "position":"First Base",
      "salary":13500000
    },
    {
      "name":"Gavin Floyd",
      "position":"Starting Pitcher",
      "salary":7000000
    },
    {
      "name":"Matt Thornton",
      "position":"Relief Pitcher",
      "salary":5500000
    },
    {
      "name":"Alexei Ramirez",
      "position":"",
      "salary":5000000
    },
    {
      "name":"Jesse Crain",
      "position":"",
      "salary":4500000
    },
    {
      "name":"Matt Lindstrom",
      "position":"",
      "salary":3600000
    },
    {
      "name":"Dayan Viciedo",
      "position":"",
      "salary":3500000
    },
    {
      "name":"Jeff Keppinger",
      "position":"",
      "salary":1525000
    },
    {
      "name":"Gordon Beckham",
      "position":"",
      "salary":520000
    },
    {
      "name":"Chris Sale",
      "position":"",
      "salary":500000
    },
    {
      "name":"Alejandro De Aza",
      "position":"",
      "salary":495000
    },
    {
      "name":"Brent Morel",
      "position":"",
      "salary":490000
    },
    {
      "name":"Tyler Flowers",
      "position":"",
      "salary":483000
    },
    {
      "name":"Nate Jones",
      "position":"",
      "salary":480000
    },
    {
      "name":"Hector Santiago",
      "position":"",
      "salary":480000
    },
    {
      "name":"Addison Reed",
      "position":"",
      "salary":480000
    }
  ]
}{
  "name":"Cubs",
  "payroll":103000000,
  "ballpark":"Wrigley Field",
  "coordinates":[
    -87.656447,
    41.947304
  ],
  "city":"Chicago",
  "league":"National League",
  "year":"2013",
  "players":[
    {
      "name":"Alfonso Soriano",
      "position":"Left Field",
      "salary":19000000
    },
    {
      "name":"Edwin Jackson",
      "position":"Starting Pitcher",
      "salary":13000000
    },
    {
      "name":"Matt Garza",
      "position":"Starting Pitcher",
      "salary":9500000
    },
    {
      "name":"Carlos Marmol",
      "position":"Relief Pitcher",
      "salary":9333333
    },
    {
      "name":"Scott Baker",
      "position":"Starting Pitcher",
      "salary":6500000
    },
    {
      "name":"Scott Feldman",
      "position":"",
      "salary":6500000
    },
    {
      "name":"David DeJesus",
      "position":"",
      "salary":4250000
    },
    {
      "name":"Jeff Samardzija",
      "position":"",
      "salary":2640000
    },
    {
      "name":"Carlos Villanueva",
      "position":"",
      "salary":2277500
    },
    {
      "name":"Ian Stewart",
      "position":"",
      "salary":2237500
    },
    {
      "name":"Nate Schierholtz",
      "position":"",
      "salary":1300000
    },
    {
      "name":"Scott Hairston",
      "position":"",
      "salary":1100000
    },
    {
      "name":"Starlin Castro",
      "position":"",
      "salary":567000
    },
    {
      "name":"Shawn Camp",
      "position":"",
      "salary":550000
    },
    {
      "name":"James Russell",
      "position":"",
      "salary":512500
    },
    {
      "name":"Darwin Barney",
      "position":"",
      "salary":500000
    },
    {
      "name":"Luis Valbuena",
      "position":"",
      "salary":495200
    },
    {
      "name":"Michael Bowden",
      "position":"",
      "salary":484000
    },
    {
      "name":"Rafael Dolis",
      "position":"",
      "salary":480500
    },
    {
      "name":"Steve Clevenger",
      "position":"",
      "salary":480500
    },
    {
      "name":"Arodys Vizcaino",
      "position":"",
      "salary":480000
    }
  ]
}{
  "name":"Indians",
  "payroll":71000000,
  "ballpark":"Progressive Field",
  "coordinates":[
    -81.685236,
    41.495966
  ],
  "city":"Cleveland",
  "league":"American League",
  "year":"2013",
  "players":[
    {
      "name":"Brett Myers",
      "position":"Relief Pitcher",
      "salary":12000000
    },
    {
      "name":"Nick Swisher",
      "position":"First Base",
      "salary":11000000
    },
    {
      "name":"Mark Reynolds",
      "position":"Third Base",
      "salary":7500000
    },
    {
      "name":"Michael Bourn",
      "position":"Center Field",
      "salary":6845000
    },
    {
      "name":"Asdrubal Cabrera",
      "position":"Shortstop",
      "salary":4550000
    },
    {
      "name":"Chris Perez",
      "position":"",
      "salary":4500000
    },
    {
      "name":"Ubaldo Jimenez",
      "position":"",
      "salary":4200000
    },
    {
      "name":"Justin Masterson",
      "position":"",
      "salary":3825000
    },
    {
      "name":"Joe Smith",
      "position":"",
      "salary":1750000
    },
    {
      "name":"Mike Aviles",
      "position":"",
      "salary":1200000
    },
    {
      "name":"Matt Albers",
      "position":"",
      "salary":1075000
    },
    {
      "name":"Rich Hill",
      "position":"",
      "salary":725000
    },
    {
      "name":"Drew Stubbs",
      "position":"",
      "salary":527500
    },
    {
      "name":"Carlos Santana",
      "position":"",
      "salary":501900
    },
    {
      "name":"Michael Brantley",
      "position":"",
      "salary":495300
    },
    {
      "name":"Lou Marson",
      "position":"",
      "salary":491700
    },
    {
      "name":"Vinnie Pestano",
      "position":"",
      "salary":491200
    },
    {
      "name":"David Huff",
      "position":"",
      "salary":486200
    },
    {
      "name":"Bryan Shaw",
      "position":"",
      "salary":483000
    },
    {
      "name":"Jason Kipnis",
      "position":"",
      "salary":482100
    }
  ]
}{
  "name":"Reds",
  "payroll":107000000,
  "ballpark":"Great American Ballpark",
  "coordinates":[
    -84.506965,
    39.097437
  ],
  "city":"Cincinnati",
  "league":"National League",
  "year":"2013",
  "players":[
    {
      "name":"Joey Votto",
      "position":"First Base",
      "salary":19000000
    },
    {
      "name":"Brandon Phillips",
      "position":"Second Base",
      "salary":12500000
    },
    {
      "name":"Bronson Arroyo",
      "position":"Starting Pitcher",
      "salary":1166667
    },
    {
      "name":"Johnny Cueto",
      "position":"",
      "salary":5400000
    },
    {
      "name":"Jay Bruce",
      "position":"Right Field",
      "salary":7041667
    },
    {
      "name":"Shin-Soo Choo",
      "position":"",
      "salary":4900000
    },
    {
      "name":"Aroldis Chapman",
      "position":"",
      "salary":4835772
    },
    {
      "name":"Jonathan Broxton",
      "position":"",
      "salary":4000000
    },
    {
      "name":"Sean Marshall",
      "position":"",
      "salary":2725000
    },
    {
      "name":"Homer Bailey",
      "position":"",
      "salary":2425000
    },
    {
      "name":"Nick Masset",
      "position":"",
      "salary":2400000
    },
    {
      "name":"Ryan Ludwick",
      "position":"",
      "salary":2000000
    },
    {
      "name":"Ryan Hanigan",
      "position":"",
      "salary":1300000
    },
    {
      "name":"Manny Parra",
      "position":"",
      "salary":1200000
    },
    {
      "name":"Jack Hannahan",
      "position":"",
      "salary":1135000
    },
    {
      "name":"Jose Arredondo",
      "position":"",
      "salary":800000
    },
    {
      "name":"Mat Latos",
      "position":"",
      "salary":550000
    },
    {
      "name":"Mike Leake",
      "position":"",
      "salary":507500
    },
    {
      "name":"Chris Heisey",
      "position":"",
      "salary":495000
    },
    {
      "name":"Logan Ondrusek",
      "position":"",
      "salary":492500
    },
    {
      "name":"Sam LeCure",
      "position":"",
      "salary":487500
    },
    {
      "name":"Alfredo Simon",
      "position":"",
      "salary":487000
    },
    {
      "name":"Jason Donald",
      "position":"",
      "salary":484000
    },
    {
      "name":"Zack Cozart",
      "position":"",
      "salary":480000
    }
  ]
}{
  "name":"Tigers",
  "payroll":150000000,
  "ballpark":"Comerica Park",
  "coordinates":[
    -83.048487,
    42.338753
  ],
  "city":"Detroit",
  "league":"American League",
  "year":"2013",
  "players":[
    {
      "name":"Prince Fielder",
      "position":"First Base",
      "salary":23000000
    },
    {
      "name":"Miguel Cabrera",
      "position":"Third Base",
      "salary":21000000
    },
    {
      "name":"Justin Verlander",
      "position":"Starting Pitcher",
      "salary":20100000
    },
    {
      "name":"Torii Hunter",
      "position":"Right Field",
      "salary":18500000
    },
    {
      "name":"Victor Martinez",
      "position":"Catcher",
      "salary":13000000
    },
    {
      "name":"Anibal Sanchez",
      "position":"",
      "salary":8000000
    },
    {
      "name":"Joaquin Benoit",
      "position":"",
      "salary":5500000
    },
    {
      "name":"Jhonny Peralta",
      "position":"",
      "salary":5500000
    },
    {
      "name":"Omar Infante",
      "position":"",
      "salary":4000000
    },
    {
      "name":"Max Scherzer",
      "position":"",
      "salary":3750000
    },
    {
      "name":"Rick Porcello",
      "position":"",
      "salary":3100000
    },
    {
      "name":"Octavio Dotel",
      "position":"",
      "salary":3000000
    },
    {
      "name":"Ramon Santiago",
      "position":"",
      "salary":2100000
    },
    {
      "name":"Phil Coke",
      "position":"",
      "salary":1100000
    },
    {
      "name":"Brayan Pena",
      "position":"",
      "salary":875000
    },
    {
      "name":"Alex Avila",
      "position":"",
      "salary":510000
    },
    {
      "name":"Doug Fister",
      "position":"",
      "salary":507500
    },
    {
      "name":"Brennan Boesch",
      "position":"",
      "salary":502500
    },
    {
      "name":"Austin Jackson",
      "position":"",
      "salary":500000
    },
    {
      "name":"Al Alburquerque",
      "position":"",
      "salary":495000
    },
    {
      "name":"Andy Dirks",
      "position":"",
      "salary":485000
    },
    {
      "name":"Duane Below",
      "position":"",
      "salary":483000
    },
    {
      "name":"Danny Worth",
      "position":"",
      "salary":482000
    },
    {
      "name":"Luis Marte",
      "position":"",
      "salary":480000
    }
  ]
}{
  "payroll":73000000,
  "ballpark":"Coors Field",
  "coordinates":[
    -104.994281,
    39.756436
  ],
  "city":"Denver",
  "league":"National League",
  "year":"2013",
  "name":"Rockies",
  "players":[
    {
      "name":"Jorge De La Rosa",
      "position":"Starting Pitcher",
      "salary":11000000
    },
    {
      "name":"Michael Cuddyer",
      "position":"Right Field",
      "salary":10500000
    },
    {
      "name":"Troy Tulowitzki",
      "position":"Shortstop",
      "salary":8250000
    },
    {
      "name":"Carlos Gonzalez",
      "position":"Left Field",
      "salary":7428571
    },
    {
      "name":"Todd Helton",
      "position":"First Base",
      "salary":6075000
    },
    {
      "name":"Rafael Betancourt",
      "position":"Relief Pitcher",
      "salary":4000000
    },
    {
      "name":"Matt Belisle",
      "position":"Relief Pitcher",
      "salary":3775000
    },
    {
      "name":"Ramon Hernandez",
      "position":"",
      "salary":3200000
    },
    {
      "name":"Dexter Fowler",
      "position":"Center Fielder",
      "salary":3750000
    },
    {
      "name":"Wilton Lopez",
      "position":"",
      "salary":515500
    },
    {
      "name":"Reid Brignac",
      "position":"",
      "salary":490600
    },
    {
      "name":"Bobby Cassevah",
      "position":"",
      "salary":490000
    },
    {
      "name":"Jhoulys Chacin",
      "position":"",
      "salary":482000
    },
    {
      "name":"Josh Outman",
      "position":"",
      "salary":482000
    },
    {
      "name":"Jonathan Herrera",
      "position":"",
      "salary":482000
    },
    {
      "name":"Eric Young Jr.",
      "position":"",
      "salary":481000
    },
    {
      "name":"Tyler Colvin",
      "position":"",
      "salary":481000
    },
    {
      "name":"Jordan Pacheco",
      "position":"",
      "salary":480000
    },
    {
      "name":"Juan Nicasio",
      "position":"",
      "salary":480000
    },
    {
      "name":"Chris Nelson",
      "position":"",
      "salary":480000
    },
    {
      "name":"Wilin Rosario",
      "position":"",
      "salary":480000
    },
    {
      "name":"Charlie Blackmon",
      "position":"",
      "salary":480000
    },
    {
      "name":"Tyler Chatwood",
      "position":"",
      "salary":480000
    },
    {
      "name":"Rex Brothers",
      "position":"",
      "salary":480000
    }
  ]
}{
  "name":"Astros",
  "payroll":32000000,
  "ballpark":"Minute Maid Park",
  "coordinates":[
    -95.357294,
    29.756816
  ],
  "city":"Houston",
  "league":"American League",
  "year":"2013",
  "players":[
    {
      "name":"Bud Norris",
      "position":"Starting Pitcher",
      "salary":3000000
    },
    {
      "name":"Carlos Pena",
      "position":"First Base",
      "salary":2900000
    },
    {
      "name":"Jose Veras",
      "position":"Relief Pitcher",
      "salary":2000000
    },
    {
      "name":"Philip Humber",
      "position":"",
      "salary":530000
    },
    {
      "name":"Wesley Wright",
      "position":"",
      "salary":512000
    },
    {
      "name":"Jason Castro",
      "position":"",
      "salary":486000
    },
    {
      "name":"J.D. Martinez",
      "position":"",
      "salary":483000
    },
    {
      "name":"Jose Altuve",
      "position":"",
      "salary":483000
    },
    {
      "name":"Tyler Greene",
      "position":"",
      "salary":483000
    },
    {
      "name":"Lucas Harrell",
      "position":"",
      "salary":482000
    },
    {
      "name":"Rhiner Cruz",
      "position":"",
      "salary":480000
    },
    {
      "name":"Marwin Gonzalez",
      "position":"",
      "salary":480000
    }
  ]
}{
  "name":"Dodgers",
  "payroll":213000000,
  "ballpark":"Dodger Stadium",
  "coordinates":[
    -118.240974,
    34.07322
  ],
  "city":"Los Angeles",
  "league":"National League",
  "year":"2013",
  "players":[
    {
      "name":"Adrian Gonzalez",
      "position":"First Base",
      "salary":21857143
    },
    {
      "name":"Matt Kemp",
      "position":"Center Field",
      "salary":20000000
    },
    {
      "name":"Carl Crawford",
      "position":"",
      "salary":20357143
    },
    {
      "name":"Zack Greinke",
      "position":"Starting Pitcher",
      "salary":19500000
    },
    {
      "name":"Josh Beckett",
      "position":"Starting Pitcher",
      "salary":17000000
    },
    {
      "name":"Hanley Ramirez",
      "position":"",
      "salary":15000000
    },
    {
      "name":"Ted Lilly",
      "position":"",
      "salary":11666667
    },
    {
      "name":"Andre Ethier",
      "position":"",
      "salary":10950000
    },
    {
      "name":"Chad Billingsley",
      "position":"",
      "salary":9000000
    },
    {
      "name":"Juan Uribe",
      "position":"",
      "salary":8295911
    },
    {
      "name":"Clayton Kershaw",
      "position":"",
      "salary":7750000
    },
    {
      "name":"Brandon League",
      "position":"",
      "salary":5000000
    },
    {
      "name":"Matt Guerrier",
      "position":"",
      "salary":4711499
    },
    {
      "name":"Aaron Harang",
      "position":"",
      "salary":4000000
    },
    {
      "name":"Chris Capuano",
      "position":"",
      "salary":3000000
    },
    {
      "name":"Mark Ellis",
      "position":"",
      "salary":2500000
    },
    {
      "name":"Jerry Hairston Jr.",
      "position":"",
      "salary":2250000
    },
    {
      "name":"Nick Punto",
      "position":"",
      "salary":1500000
    },
    {
      "name":"Skip Schumaker",
      "position":"",
      "salary":1500000
    },
    {
      "name":"J.P. Howell",
      "position":"",
      "salary":1350000
    },
    {
      "name":"Kenley Jansen",
      "position":"",
      "salary":491000
    },
    {
      "name":"A.J. Ellis",
      "position":"",
      "salary":490000
    },
    {
      "name":"Scott Elbert",
      "position":"",
      "salary":488500
    },
    {
      "name":"Javy Guerra",
      "position":"",
      "salary":488000
    }
  ]
}{
  "name":"Royals",
  "payroll":78000000,
  "ballpark":"Kauffman Stadium",
  "coordinates":[
    -94.480619,
    39.051019
  ],
  "city":"Kansas City",
  "league":"American League",
  "year":"2013",
  "players":[
    {
      "name":"Ervin Santana",
      "position":"",
      "salary":11200000
    },
    {
      "name":"Billy Butler",
      "position":"",
      "salary":8500000
    },
    {
      "name":"Jeremy Guthrie",
      "position":"",
      "salary":8200000
    },
    {
      "name":"James Shields",
      "position":"",
      "salary":8000000
    },
    {
      "name":"Jeff Francoeur",
      "position":"",
      "salary":6750000
    },
    {
      "name":"Alex Gordon",
      "position":"",
      "salary":6000000
    },
    {
      "name":"Bruce Chen",
      "position":"",
      "salary":4500000
    },
    {
      "name":"Luke Hochevar",
      "position":"",
      "salary":3510000
    },
    {
      "name":"Aaron Crow",
      "position":"",
      "salary":1600000
    },
    {
      "name":"Wade Davis",
      "position":"",
      "salary":1500000
    },
    {
      "name":"Alcides Escobar",
      "position":"",
      "salary":1000000
    },
    {
      "name":"Chris Getz",
      "position":"",
      "salary":967500
    },
    {
      "name":"Salvador Perez",
      "position":"",
      "salary":750000
    },
    {
      "name":"George Kottaras",
      "position":"",
      "salary":700000
    },
    {
      "name":"Eric Hosmer",
      "position":"",
      "salary":502500
    },
    {
      "name":"Greg Holland",
      "position":"",
      "salary":497150
    },
    {
      "name":"Tim Collins",
      "position":"",
      "salary":495725
    },
    {
      "name":"Luis Mendoza",
      "position":"",
      "salary":488925
    },
    {
      "name":"Everett Teaford",
      "position":"",
      "salary":488000
    },
    {
      "name":"Danny Duffy",
      "position":"",
      "salary":487750
    },
    {
      "name":"Mike Moustakas",
      "position":"",
      "salary":487250
    },
    {
      "name":"Elliot Johnson",
      "position":"",
      "salary":486100
    },
    {
      "name":"Lorenzo Cain",
      "position":"",
      "salary":480850
    },
    {
      "name":"Kelvin Herrera",
      "position":"",
      "salary":480650
    }
  ]
}{
  "name":"Marlins",
  "payroll":45000000,
  "ballpark":"Marlins Park",
  "coordinates":[
    -80.22148,
    25.778142
  ],
  "city":"Miami",
  "league":"National League",
  "year":"2013",
  "players":[
    {
      "name":"Ricky Nolasco",
      "position":"",
      "salary":9000000
    },
    {
      "name":"Placido Polanco",
      "position":"",
      "salary":6416667
    },
    {
      "name":"Jon Rauch",
      "position":"",
      "salary":3500000
    },
    {
      "name":"Jeff Mathis",
      "position":"",
      "salary":1500000
    },
    {
      "name":"Greg Dobbs",
      "position":"",
      "salary":1400000
    },
    {
      "name":"Juan Pierre",
      "position":"",
      "salary":800000
    },
    {
      "name":"Chris Coghlan",
      "position":"",
      "salary":500000
    },
    {
      "name":"Henderson Alvarez",
      "position":"",
      "salary":482900
    },
    {
      "name":"Jose Ceda",
      "position":"",
      "salary":480000
    },
    {
      "name":"Giancarlo Stanton",
      "position":"",
      "salary":480000
    },
    {
      "name":"Steve Cishek",
      "position":"",
      "salary":480000
    },
    {
      "name":"Ryan Webb",
      "position":"",
      "salary":480000
    },
    {
      "name":"Logan Morrison",
      "position":"",
      "salary":480000
    }
  ]
}{
  "name":"Angels",
  "payroll":152000000,
  "ballpark":"Angel Stadium",
  "coordinates":[
    -117.883043,
    33.80003
  ],
  "city":"Anaheim",
  "league":"American League",
  "year":"2013",
  "players":[
    {
      "name":"Vernon Wells",
      "position":"Center Field",
      "salary":24642857
    },
    {
      "name":"Josh Hamilton",
      "position":"Left Field",
      "salary":17250000
    },
    {
      "name":"Jered Weaver",
      "position":"Starting Pitcher",
      "salary":16200000
    },
    {
      "name":"Albert Pujols",
      "position":"First Base",
      "salary":16000000
    },
    {
      "name":"C.J. Wilson",
      "position":"",
      "salary":10500000
    },
    {
      "name":"Joe Blanton",
      "position":"",
      "salary":10500000
    },
    {
      "name":"Erick Aybar",
      "position":"",
      "salary":5075000
    },
    {
      "name":"Scott Downs",
      "position":"",
      "salary":5000000
    },
    {
      "name":"Howard Kendrick",
      "position":"",
      "salary":4850000
    },
    {
      "name":"Jason Vargas",
      "position":"",
      "salary":4850000
    },
    {
      "name":"Chris Iannetta",
      "position":"",
      "salary":3550000
    },
    {
      "name":"Alberto Callaspo",
      "position":"",
      "salary":3150000
    },
    {
      "name":"Sean Burnett",
      "position":"",
      "salary":2350000
    },
    {
      "name":"Jerome Williams",
      "position":"",
      "salary":820000
    },
    {
      "name":"Tommy Hanson",
      "position":"",
      "salary":535000
    },
    {
      "name":"Kevin Jepsen",
      "position":"",
      "salary":501000
    },
    {
      "name":"Mark Trumbo",
      "position":"",
      "salary":500000
    },
    {
      "name":"Peter Bourjos",
      "position":"",
      "salary":500000
    },
    {
      "name":"Ernesto Frieri",
      "position":"",
      "salary":489100
    },
    {
      "name":"Michael Kohn",
      "position":"",
      "salary":481500
    }
  ]
}{
  "name":"Brewers",
  "payroll":72000000,
  "ballpark":"Miller Park",
  "coordinates":[
    -87.972043,
    43.028758
  ],
  "city":"Milwaukee",
  "league":"National League",
  "year":"2013",
  "players":[
    {
      "name":"Rickie Weeks",
      "position":"Second Base",
      "salary":11000000
    },
    {
      "name":"Corey Hart",
      "position":"Right Field",
      "salary":10333333
    },
    {
      "name":"Aramis Ramirez",
      "position":"Third Base",
      "salary":10000000
    },
    {
      "name":"Ryan Braun",
      "position":"Left Field",
      "salary":9500000
    },
    {
      "name":"Yovani Gallardo",
      "position":"Starting Pitcher",
      "salary":8000000
    },
    {
      "name":"John Axford",
      "position":"Relief Pitcher",
      "salary":5000000
    },
    {
      "name":"Carlos Gomez",
      "position":"Center Field",
      "salary":4300000
    },
    {
      "name":"Tom Gorzelanny",
      "position":"Starting Pitcher",
      "salary":2750000
    },
    {
      "name":"Mike Gonzalez",
      "position":"Relief Pitcher",
      "salary":2250000
    },
    {
      "name":"Burke Badenhop",
      "position":"Relief Pitcher",
      "salary":1550000
    },
    {
      "name":"Alex Gonzalez",
      "position":"Shortstop",
      "salary":1450000
    },
    {
      "name":"Norichika Aoki",
      "position":"Center Field",
      "salary":1250000
    },
    {
      "name":"Jonathon Lucroy",
      "position":"Catcher",
      "salary":850000
    }
  ]
}{
  "name":"Twins",
  "payroll":80000000,
  "ballpark":"Target Field",
  "coordinates":[
    -93.278282,
    44.981739
  ],
  "city":"Minnesota",
  "league":"American League",
  "year":"2013",
  "players":[
    {
      "name":"Joe Mauer",
      "position":"Catcher",
      "salary":23000000
    },
    {
      "name":"Justin Morneau",
      "position":"",
      "salary":15000000
    },
    {
      "name":"Josh Willingham",
      "position":"",
      "salary":7000000
    },
    {
      "name":"Mike Pelfrey",
      "position":"",
      "salary":5687500
    },
    {
      "name":"Kevin Correia",
      "position":"",
      "salary":4000000
    },
    {
      "name":"Ryan Doumit",
      "position":"",
      "salary":3000000
    },
    {
      "name":"Jamey Carroll",
      "position":"",
      "salary":2750000
    },
    {
      "name":"Glen Perkins",
      "position":"",
      "salary":1550000
    },
    {
      "name":"Jared Burton",
      "position":"",
      "salary":750000
    },
    {
      "name":"Brian Duensing",
      "position":"",
      "salary":515000
    },
    {
      "name":"Vance Worley",
      "position":"",
      "salary":495000
    },
    {
      "name":"Alex Burnett",
      "position":"",
      "salary":490000
    },
    {
      "name":"Anthony Swarzak",
      "position":"",
      "salary":487500
    },
    {
      "name":"Trevor Plouffe",
      "position":"",
      "salary":485000
    },
    {
      "name":"Josh Roenicke",
      "position":"",
      "salary":481000
    },
    {
      "name":"Chris Parmelee",
      "position":"",
      "salary":480000
    },
    {
      "name":"Liam Hendriks",
      "position":"",
      "salary":480000
    },
    {
      "name":"Eduardo Escobar",
      "position":"",
      "salary":480000
    }
  ]
}{
  "name":"Mets",
  "payroll":84000000,
  "ballpark":"Citi Field",
  "coordinates":[
    -73.846399,
    40.756477
  ],
  "city":"New York",
  "league":"National League",
  "year":"2013",
  "players":[
    {
      "name":"Johan Santana",
      "position":"Starting Pitcher",
      "salary":25145011
    },
    {
      "name":"David Wright",
      "position":"",
      "salary":15250000
    },
    {
      "name":"Shaun Marcum",
      "position":"",
      "salary":7725000
    },
    {
      "name":"John Buck",
      "position":"",
      "salary":6500000
    },
    {
      "name":"Brandon Lyon",
      "position":"",
      "salary":5500000
    },
    {
      "name":"Frank Francisco",
      "position":"",
      "salary":5500000
    },
    {
      "name":"Jonathon Niese",
      "position":"",
      "salary":519550
    },
    {
      "name":"Daniel Murphy",
      "position":"",
      "salary":512196
    },
    {
      "name":"Ike Davis",
      "position":"",
      "salary":506960
    },
    {
      "name":"Bobby Parnell",
      "position":"",
      "salary":504000
    },
    {
      "name":"Dillon Gee",
      "position":"",
      "salary":502000
    },
    {
      "name":"Lucas Duda",
      "position":"",
      "salary":497318
    },
    {
      "name":"Ruben Tejada",
      "position":"",
      "salary":494421
    },
    {
      "name":"Justin Turner",
      "position":"",
      "salary":491209
    },
    {
      "name":"Collin Cowgill",
      "position":"",
      "salary":482500
    },
    {
      "name":"Anthony Recker",
      "position":"",
      "salary":480000
    },
    {
      "name":"Mike Baxter",
      "position":"",
      "salary":480000
    }
  ]
}{
  "name":"Yankees",
  "payroll":210000000,
  "ballpark":"Yankee Stadium",
  "coordinates":[
    -73.92842,
    40.829234
  ],
  "city":"Bronx",
  "league":"American League",
  "year":"2013",
  "players":[
    {
      "name":"Alex Rodriguez",
      "position":"Third Base",
      "salary":29000000
    },
    {
      "name":"CC Sabathia",
      "position":"First Base",
      "salary":24285714
    },
    {
      "name":"Mark Teixeira",
      "position":"Starting Pitcher",
      "salary":23125000
    },
    {
      "name":"Ichiro Suzuki",
      "position":"",
      "salary":18000000
    },
    {
      "name":"Derek Jeter",
      "position":"Shortstop",
      "salary":16729365
    },
    {
      "name":"Mariano Rivera",
      "position":"",
      "salary":14940025
    },
    {
      "name":"Robinson Cano",
      "position":"",
      "salary":14000000
    },
    {
      "name":"Travis Hafner",
      "position":"",
      "salary":13000000
    },
    {
      "name":"Kevin Youkilis",
      "position":"",
      "salary":12250000
    },
    {
      "name":"Curtis Granderson",
      "position":"",
      "salary":10000000
    },
    {
      "name":"Hiroki Kuroda",
      "position":"",
      "salary":10000000
    },
    {
      "name":"Phil Hughes",
      "position":"",
      "salary":3200000
    },
    {
      "name":"Brett Gardner",
      "position":"",
      "salary":2800000
    },
    {
      "name":"Boone Logan",
      "position":"",
      "salary":1875000
    },
    {
      "name":"Joba Chamberlain",
      "position":"",
      "salary":1675000
    },
    {
      "name":"David Robertson",
      "position":"",
      "salary":1600000
    },
    {
      "name":"Michael Pineda",
      "position":"",
      "salary":528475
    },
    {
      "name":"Ivan Nova",
      "position":"",
      "salary":527200
    },
    {
      "name":"Clay Rapada",
      "position":"",
      "salary":525000
    },
    {
      "name":"Eduardo Nunez",
      "position":"",
      "salary":523800
    },
    {
      "name":"Chris Stewart",
      "position":"",
      "salary":482500
    },
    {
      "name":"Cesar Cabral",
      "position":"",
      "salary":480000
    },
    {
      "name":"David Phelps",
      "position":"",
      "salary":480000
    }
  ]
}{
  "name":"Phillies",
  "payroll":158000000,
  "ballpark":"Citizens Bank Park",
  "coordinates":[
    -75.166483,
    39.905654
  ],
  "city":"Philadelphia",
  "league":"National League",
  "year":"2013",
  "players":[
    {
      "name":"Cliff Lee",
      "position":"Starting Pitcher",
      "salary":25500000
    },
    {
      "name":"Roy Halladay",
      "position":"Starting Pitcher",
      "salary":20000000
    },
    {
      "name":"Ryan Howard",
      "position":"",
      "salary":20000000
    },
    {
      "name":"Michael Young",
      "position":"",
      "salary":16174975
    },
    {
      "name":"Chase Utley",
      "position":"",
      "salary":15285714
    },
    {
      "name":"Cole Hamels",
      "position":"",
      "salary":15000000
    },
    {
      "name":"Jonathan Papelbon",
      "position":"",
      "salary":11000058
    },
    {
      "name":"Jimmy Rollins",
      "position":"",
      "salary":11000000
    },
    {
      "name":"Delmon Young",
      "position":"",
      "salary":6725000
    },
    {
      "name":"Mike Adams",
      "position":"",
      "salary":4400000
    },
    {
      "name":"Kyle Kendrick",
      "position":"",
      "salary":3000000
    },
    {
      "name":"Laynce Nix",
      "position":"",
      "salary":1150000
    },
    {
      "name":"Antonio Bastardo",
      "position":"",
      "salary":505000
    },
    {
      "name":"Ben Revere",
      "position":"",
      "salary":492500
    },
    {
      "name":"Michael Stutes",
      "position":"",
      "salary":485000
    },
    {
      "name":"Justin De Fratus",
      "position":"",
      "salary":480000
    },
    {
      "name":"Freddy Galvis",
      "position":"",
      "salary":480000
    }
  ]
}{
  "name":"Athletics",
  "payroll":60000000,
  "ballpark":"O.co Coliseum",
  "coordinates":[
    -122.201571,
    37.751554
  ],
  "city":"Oakland",
  "league":"American League",
  "year":"2013",
  "players":[
    {
      "name":"Chris Young",
      "position":"",
      "salary":7200000
    },
    {
      "name":"Yoenis Cespedes",
      "position":"",
      "salary":6500000
    },
    {
      "name":"Coco Crisp",
      "position":"",
      "salary":6000000
    },
    {
      "name":"Grant Balfour",
      "position":"",
      "salary":4000000
    },
    {
      "name":"Brett Anderson",
      "position":"",
      "salary":3250000
    },
    {
      "name":"Seth Smith",
      "position":"",
      "salary":2415000
    },
    {
      "name":"Jed Lowrie",
      "position":"",
      "salary":1150000
    },
    {
      "name":"Daric Barton",
      "position":"",
      "salary":1100000
    },
    {
      "name":"Chris Resop",
      "position":"",
      "salary":850000
    },
    {
      "name":"John Jaso",
      "position":"",
      "salary":495200
    },
    {
      "name":"Fernando Rodriguez",
      "position":"",
      "salary":492000
    },
    {
      "name":"Jerry Blevins",
      "position":"",
      "salary":490000
    },
    {
      "name":"Josh Reddick",
      "position":"",
      "salary":485000
    },
    {
      "name":"Scott Sizemore",
      "position":"",
      "salary":485000
    },
    {
      "name":"Jemile Weeks",
      "position":"",
      "salary":482500
    },
    {
      "name":"Eric Sogard",
      "position":"",
      "salary":482500
    },
    {
      "name":"Jordan Norberto",
      "position":"",
      "salary":482500
    },
    {
      "name":"Andy Parrino",
      "position":"",
      "salary":481000
    },
    {
      "name":"Ryan Cook",
      "position":"",
      "salary":480000
    },
    {
      "name":"Tommy Milone",
      "position":"",
      "salary":480000
    },
    {
      "name":"Josh Donaldson",
      "position":"",
      "salary":480000
    }
  ]
}{
  "name":"Pirates",
  "payroll":55000000,
  "ballpark":"PNC Park",
  "coordinates":[
    -80.005666,
    40.446947
  ],
  "city":"Pittsburgh",
  "league":"National League",
  "year":"2013",
  "players":[
    {
      "name":"A.J. Burnett",
      "position":"",
      "salary":16500000
    },
    {
      "name":"Wandy Rodriguez",
      "position":"",
      "salary":10500000
    },
    {
      "name":"Russell Martin",
      "position":"",
      "salary":7500000
    },
    {
      "name":"Francisco Liriano",
      "position":"",
      "salary":5500000
    },
    {
      "name":"Clint Barmes",
      "position":"",
      "salary":5000000
    },
    {
      "name":"Jeff Karstens",
      "position":"",
      "salary":3100000
    },
    {
      "name":"Charlie Morton",
      "position":"",
      "salary":2445000
    },
    {
      "name":"Garrett Jones",
      "position":"",
      "salary":2250000
    },
    {
      "name":"Pedro Alvarez",
      "position":"",
      "salary":2200000
    },
    {
      "name":"Jason Grilli",
      "position":"",
      "salary":1100000
    },
    {
      "name":"Jose Tabata",
      "position":"",
      "salary":916667
    },
    {
      "name":"Andrew McCutchen",
      "position":"",
      "salary":708333
    },
    {
      "name":"Mark Melancon",
      "position":"",
      "salary":521000
    },
    {
      "name":"James McDonald",
      "position":"",
      "salary":502500
    },
    {
      "name":"Neil Walker",
      "position":"",
      "salary":500000
    },
    {
      "name":"Chris Leroux",
      "position":"",
      "salary":486000
    },
    {
      "name":"Michael McKenry",
      "position":"",
      "salary":485000
    },
    {
      "name":"Tony Watson",
      "position":"",
      "salary":484000
    },
    {
      "name":"Alex Presley",
      "position":"",
      "salary":484000
    },
    {
      "name":"Josh Harrison",
      "position":"",
      "salary":484000
    },
    {
      "name":"Gaby Sanchez",
      "position":"",
      "salary":483000
    },
    {
      "name":"Jeanmar Gomez",
      "position":"",
      "salary":482700
    },
    {
      "name":"Jared Hughes",
      "position":"",
      "salary":481000
    }
  ]
}{
  "name":"Mariners",
  "payroll":71000000,
  "ballpark":"Safeco Field",
  "coordinates":[
    -122.332635,
    47.591231
  ],
  "city":"Seattle",
  "league":"American League",
  "year":"2013",
  "players":[
    {
      "name":"Felix Hernandez",
      "position":"Starting Pitcher",
      "salary":19700000
    },
    {
      "name":"Jason Bay",
      "position":"",
      "salary":18125000
    },
    {
      "name":"Joe Saunders",
      "position":"",
      "salary":6000000
    },
    {
      "name":"Franklin Gutierrez",
      "position":"",
      "salary":5812500
    },
    {
      "name":"Michael Morse",
      "position":"",
      "salary":3500000
    },
    {
      "name":"Kendrys Morales",
      "position":"",
      "salary":2975000
    },
    {
      "name":"Dustin Ackley",
      "position":"",
      "salary":2100000
    },
    {
      "name":"Brendan Ryan",
      "position":"",
      "salary":1750000
    },
    {
      "name":"Hisashi Iwakuma",
      "position":"",
      "salary":1500000
    },
    {
      "name":"Kelly Shoppach",
      "position":"",
      "salary":1350000
    },
    {
      "name":"Robert Andino",
      "position":"",
      "salary":1300000
    },
    {
      "name":"Raul Ibanez",
      "position":"",
      "salary":1100000
    },
    {
      "name":"Munenori Kawasaki",
      "position":"",
      "salary":625000
    },
    {
      "name":"Justin Smoak",
      "position":"",
      "salary":495100
    },
    {
      "name":"Michael Saunders",
      "position":"",
      "salary":489100
    },
    {
      "name":"Casper Wells",
      "position":"",
      "salary":488200
    },
    {
      "name":"Hector Noesi",
      "position":"",
      "salary":488000
    },
    {
      "name":"Jesus Montero",
      "position":"",
      "salary":486900
    },
    {
      "name":"Blake Beavan",
      "position":"",
      "salary":486500
    },
    {
      "name":"Eric Thames",
      "position":"",
      "salary":485900
    },
    {
      "name":"Kyle Seager",
      "position":"",
      "salary":484300
    },
    {
      "name":"Tom Wilhelmsen",
      "position":"",
      "salary":482900
    },
    {
      "name":"Alex Liddi",
      "position":"",
      "salary":481300
    },
    {
      "name":"Lucas Luetge",
      "position":"",
      "salary":480000
    }
  ]
}{
  "name":"Padres",
  "payroll":65000000,
  "ballpark":"PETCO Park",
  "coordinates":[
    -117.155617,
    32.705664
  ],
  "city":"San Diego",
  "league":"National League",
  "year":"2013",
  "players":[
    {
      "name":"Huston Street",
      "position":"",
      "salary":7500000
    },
    {
      "name":"Carlos Quentin",
      "position":"",
      "salary":7025000
    },
    {
      "name":"Chase Headley",
      "position":"",
      "salary":3475000
    },
    {
      "name":"Clayton Richard",
      "position":"",
      "salary":2705000
    },
    {
      "name":"Edinson Volquez",
      "position":"",
      "salary":2237500
    },
    {
      "name":"Nick Hundley",
      "position":"",
      "salary":2000000
    },
    {
      "name":"Luke Gregerson",
      "position":"",
      "salary":1550000
    },
    {
      "name":"Will Venable",
      "position":"",
      "salary":1475000
    },
    {
      "name":"Yonder Alonso",
      "position":"",
      "salary":1400000
    },
    {
      "name":"Mark Kotsay",
      "position":"",
      "salary":1250000
    },
    {
      "name":"Chris Denorfia",
      "position":"",
      "salary":1165000
    },
    {
      "name":"John Baker",
      "position":"",
      "salary":750000
    },
    {
      "name":"Joe Thatcher",
      "position":"",
      "salary":700000
    },
    {
      "name":"Cory Luebke",
      "position":"",
      "salary":625000
    },
    {
      "name":"Cameron Maybin",
      "position":"",
      "salary":600000
    },
    {
      "name":"Kyle Blanks",
      "position":"",
      "salary":492400
    },
    {
      "name":"Jesus Guzman",
      "position":"",
      "salary":486600
    },
    {
      "name":"Andrew Cashner",
      "position":"",
      "salary":486100
    },
    {
      "name":"Anthony Bass",
      "position":"",
      "salary":485300
    },
    {
      "name":"Fautino De Los Santos",
      "position":"",
      "salary":482500
    },
    {
      "name":"Logan Forsythe",
      "position":"",
      "salary":481400
    },
    {
      "name":"Alexi Amarista",
      "position":"",
      "salary":481000
    }
  ]
}{
  "name":"Rays",
  "payroll":60000000,
  "ballpark":"Tropicana Field",
  "coordinates":[
    -82.65152,
    27.768507
  ],
  "city":"Tampa",
  "league":"American League",
  "year":"2013",
  "players":[
    {
      "name":"James Loney",
      "position":"",
      "salary":6375000
    },
    {
      "name":"Kelly Johnson",
      "position":"",
      "salary":6375000
    },
    {
      "name":"David Price",
      "position":"",
      "salary":5184671
    },
    {
      "name":"Luke Scott",
      "position":"",
      "salary":5000000
    },
    {
      "name":"Yunel Escobar",
      "position":"",
      "salary":5000000
    },
    {
      "name":"Ben Zobrist",
      "position":"",
      "salary":4687300
    },
    {
      "name":"Evan Longoria",
      "position":"",
      "salary":4500000
    },
    {
      "name":"Kyle Farnsworth",
      "position":"",
      "salary":3300000
    },
    {
      "name":"Jeff Niemann",
      "position":"",
      "salary":2750000
    },
    {
      "name":"Joel Peralta",
      "position":"",
      "salary":2175000
    },
    {
      "name":"Ryan Roberts",
      "position":"",
      "salary":2012500
    },
    {
      "name":"Fernando Rodney",
      "position":"",
      "salary":1750000
    },
    {
      "name":"Jose Molina",
      "position":"",
      "salary":1500000
    },
    {
      "name":"Matt Moore",
      "position":"",
      "salary":1100000
    },
    {
      "name":"Matt Joyce",
      "position":"",
      "salary":499400
    },
    {
      "name":"Sean Rodriguez",
      "position":"",
      "salary":492800
    },
    {
      "name":"Jeremy Hellickson",
      "position":"",
      "salary":489500
    },
    {
      "name":"Sam Fuld",
      "position":"",
      "salary":489400
    },
    {
      "name":"Roberto Hernandez",
      "position":"",
      "salary":488500
    },
    {
      "name":"Desmond Jennings",
      "position":"",
      "salary":486900
    },
    {
      "name":"Jake McGee",
      "position":"",
      "salary":484200
    },
    {
      "name":"Jose Lobaton",
      "position":"",
      "salary":481500
    },
    {
      "name":"Robinson Chirinos",
      "position":"",
      "salary":480700
    },
    {
      "name":"Stephen Vogt",
      "position":"",
      "salary":480000
    }
  ]
}{
  "name":"Giants",
  "payroll":137000000,
  "ballpark":"AT&T Park",
  "coordinates":[
    -122.390871,
    37.778143
  ],
  "city":"San Francisco",
  "league":"National League",
  "year":"2013",
  "players":[
    {
      "name":"Barry Zito",
      "position":"",
      "salary":19000000
    },
    {
      "name":"Tim Lincecum",
      "position":"Starting Pitcher",
      "salary":22250000
    },
    {
      "name":"Matt Cain",
      "position":"Starting Pitcher",
      "salary":20166667
    },
    {
      "name":"Hunter Pence",
      "position":"",
      "salary":10400000
    },
    {
      "name":"Marco Scutaro",
      "position":"",
      "salary":6000000
    },
    {
      "name":"Jeremy Affeldt",
      "position":"",
      "salary":5000000
    },
    {
      "name":"Angel Pagan",
      "position":"",
      "salary":4850000
    },
    {
      "name":"Javier Lopez",
      "position":"",
      "salary":4250000
    },
    {
      "name":"Pablo Sandoval",
      "position":"",
      "salary":3200000
    },
    {
      "name":"Ryan Vogelsong",
      "position":"",
      "salary":3000000
    },
    {
      "name":"Andres Torres",
      "position":"",
      "salary":2700000
    },
    {
      "name":"Santiago Casilla",
      "position":"",
      "salary":2200000
    },
    {
      "name":"Sergio Romo",
      "position":"",
      "salary":1575000
    },
    {
      "name":"Jose Mijares",
      "position":"",
      "salary":925000
    },
    {
      "name":"Buster Posey",
      "position":"",
      "salary":615000
    },
    {
      "name":"Madison Bumgarner",
      "position":"",
      "salary":560000
    },
    {
      "name":"Dan Runzler",
      "position":"",
      "salary":483000
    },
    {
      "name":"Brandon Belt",
      "position":"",
      "salary":481000
    },
    {
      "name":"Brandon Crawford",
      "position":"",
      "salary":481000
    },
    {
      "name":"Brett Pill",
      "position":"",
      "salary":480000
    },
    {
      "name":"Hector Sanchez",
      "position":"",
      "salary":480000
    },
    {
      "name":"Gregor Blanco",
      "position":"",
      "salary":480000
    },
    {
      "name":"Eric Surkamp",
      "position":"",
      "salary":480000
    }
  ]
}{
  "name":"Rangers",
  "payroll":120000000,
  "ballpark":"Rangers Ballpark in Arlington",
  "coordinates":[
    -97.081266,
    32.749833
  ],
  "city":"Arlington",
  "league":"American League",
  "year":"2013",
  "players":[
    {
      "name":"Adrian Beltre",
      "position":"Third Base",
      "salary":16000000
    },
    {
      "name":"Lance Berkman",
      "position":"",
      "salary":12000000
    },
    {
      "name":"Ian Kinsler",
      "position":"",
      "salary":7200000
    },
    {
      "name":"Joe Nathan",
      "position":"",
      "salary":7000000
    },
    {
      "name":"Nelson Cruz",
      "position":"",
      "salary":6250000
    },
    {
      "name":"A.J. Pierzynski",
      "position":"",
      "salary":6000000
    },
    {
      "name":"Joakim Soria",
      "position":"",
      "salary":6000000
    },
    {
      "name":"Yu Darvish",
      "position":"",
      "salary":5500000
    },
    {
      "name":"Geovany Soto",
      "position":"",
      "salary":4300000
    },
    {
      "name":"Colby Lewis",
      "position":"",
      "salary":4000000
    },
    {
      "name":"Jason Frasor",
      "position":"",
      "salary":3750000
    },
    {
      "name":"David Murphy",
      "position":"",
      "salary":3625000
    },
    {
      "name":"Matt Harrison",
      "position":"",
      "salary":2950000
    },
    {
      "name":"Elvis Andrus",
      "position":"",
      "salary":2625000
    },
    {
      "name":"Derek Holland",
      "position":"",
      "salary":1000000
    },
    {
      "name":"Neftali Feliz",
      "position":"",
      "salary":502000
    },
    {
      "name":"Alexi Ogando",
      "position":"",
      "salary":497600
    },
    {
      "name":"Mitch Moreland",
      "position":"",
      "salary":491100
    },
    {
      "name":"Craig Gentry",
      "position":"",
      "salary":484300
    },
    {
      "name":"Josh Lindblom",
      "position":"",
      "salary":483000
    },
    {
      "name":"Robbie Ross",
      "position":"",
      "salary":480000
    }
  ]
}{
  "name":"Cardinals",
  "payroll":115000000,
  "ballpark":"Busch Stadium",
  "coordinates":[
    -90.19405,
    38.623978
  ],
  "city":"St Louis",
  "league":"National League",
  "year":"2013",
  "players":[
    {
      "name":"Matt Holliday",
      "position":"Left Field",
      "salary":16292362
    },
    {
      "name":"Carlos Beltran",
      "position":"",
      "salary":13000000
    },
    {
      "name":"Adam Wainwright",
      "position":"",
      "salary":9000000
    },
    {
      "name":"Jake Westbrook",
      "position":"",
      "salary":8500000
    },
    {
      "name":"Yadier Molina",
      "position":"",
      "salary":7000000
    },
    {
      "name":"Rafael Furcal",
      "position":"",
      "salary":6500000
    },
    {
      "name":"Ty Wigginton",
      "position":"",
      "salary":4000000
    },
    {
      "name":"Jaime Garcia",
      "position":"",
      "salary":3375000
    },
    {
      "name":"Jason Motte",
      "position":"",
      "salary":1950000
    },
    {
      "name":"Edward Mujica",
      "position":"",
      "salary":1625000
    },
    {
      "name":"Randy Choate",
      "position":"",
      "salary":1500000
    },
    {
      "name":"Ronny Cedeno",
      "position":"",
      "salary":1150000
    },
    {
      "name":"David Freese",
      "position":"",
      "salary":508000
    },
    {
      "name":"Mitchell Boggs",
      "position":"",
      "salary":506000
    },
    {
      "name":"Jon Jay",
      "position":"",
      "salary":504000
    },
    {
      "name":"Marc Rzepczynski",
      "position":"",
      "salary":501000
    },
    {
      "name":"Fernando Salas",
      "position":"",
      "salary":498000
    },
    {
      "name":"Allen Craig",
      "position":"",
      "salary":495000
    },
    {
      "name":"Daniel Descalso",
      "position":"",
      "salary":495000
    },
    {
      "name":"Lance Lynn",
      "position":"",
      "salary":482000
    },
    {
      "name":"Tony Cruz",
      "position":"",
      "salary":481000
    },
    {
      "name":"Matt Carpenter",
      "position":"",
      "salary":480000
    },
    {
      "name":"Shane Robinson",
      "position":"",
      "salary":480000
    }
  ]
}{
  "name":"Blue Jays",
  "payroll":115000000,
  "ballpark":"Rogers Stadium",
  "coordinates":[
    -79.390611,
    43.642349
  ],
  "city":"Toronto",
  "league":"American League",
  "year":"2013",
  "players":[
    {
      "name":"Jose Bautista",
      "position":"",
      "salary":14000000
    },
    {
      "name":"Josh Johnson",
      "position":"",
      "salary":13750000
    },
    {
      "name":"Jose Reyes",
      "position":"",
      "salary":10000000
    },
    {
      "name":"Mark Buehrle",
      "position":"",
      "salary":7000000
    },
    {
      "name":"Melky Cabrera",
      "position":"",
      "salary":6000000
    },
    {
      "name":"Ricky Romero",
      "position":"",
      "salary":5250000
    },
    {
      "name":"Adam Lind",
      "position":"",
      "salary":5150000
    },
    {
      "name":"R.A. Dickey",
      "position":"",
      "salary":4750000
    },
    {
      "name":"Brandon Morrow",
      "position":"",
      "salary":4000000
    },
    {
      "name":"Darren Oliver",
      "position":"",
      "salary":4000000
    },
    {
      "name":"Maicer Izturis",
      "position":"",
      "salary":3966667
    },
    {
      "name":"Edwin Encarnacion",
      "position":"",
      "salary":3500000
    },
    {
      "name":"Rajai Davis",
      "position":"",
      "salary":2750000
    },
    {
      "name":"Colby Rasmus",
      "position":"",
      "salary":2700000
    },
    {
      "name":"J.A. Happ",
      "position":"",
      "salary":2350000
    },
    {
      "name":"Emilio Bonifacio",
      "position":"",
      "salary":2200000
    },
    {
      "name":"Casey Janssen",
      "position":"",
      "salary":2000000
    },
    {
      "name":"Henry Blanco",
      "position":"",
      "salary":1250000
    },
    {
      "name":"Sergio Santos",
      "position":"",
      "salary":1000000
    },
    {
      "name":"Mark DeRosa",
      "position":"",
      "salary":900000
    },
    {
      "name":"Dustin McGowan",
      "position":"",
      "salary":600000
    },
    {
      "name":"Josh Thole",
      "position":"",
      "salary":498920
    },
    {
      "name":"J.P. Arencibia",
      "position":"",
      "salary":489600
    },
    {
      "name":"Brett Lawrie",
      "position":"",
      "salary":482500
    }
  ]
}{
  "name":"Nationals",
  "payroll":113000000,
  "ballpark":"Nationals Park",
  "coordinates":[
    -77.007283,
    38.873068
  ],
  "city":"Washington",
  "league":"National League",
  "year":"2013",
  "players":[
    {
      "name":"Jayson Werth",
      "position":"Right Field",
      "salary":16571000
    },
    {
      "name":"Dan Haren",
      "position":"",
      "salary":12750000
    },
    {
      "name":"Ryan Zimmerman",
      "position":"",
      "salary":12125000
    },
    {
      "name":"Rafael Soriano",
      "position":"",
      "salary":12000000
    },
    {
      "name":"Adam LaRoche",
      "position":"",
      "salary":8000000
    },
    {
      "name":"Kurt Suzuki",
      "position":"",
      "salary":5037500
    },
    {
      "name":"Stephen Strasburg",
      "position":"",
      "salary":4875000
    },
    {
      "name":"Gio Gonzalez",
      "position":"",
      "salary":3335000
    },
    {
      "name":"Denard Span",
      "position":"",
      "salary":3000000
    },
    {
      "name":"Jordan Zimmermann",
      "position":"",
      "salary":2300000
    },
    {
      "name":"Tyler Clippard",
      "position":"",
      "salary":1650000
    },
    {
      "name":"Chad Tracy",
      "position":"",
      "salary":750000
    },
    {
      "name":"Ian Desmond",
      "position":"",
      "salary":512500
    },
    {
      "name":"Danny Espinosa",
      "position":"",
      "salary":506000
    },
    {
      "name":"Drew Storen",
      "position":"",
      "salary":498750
    },
    {
      "name":"Roger Bernadina",
      "position":"",
      "salary":493500
    },
    {
      "name":"Wilson Ramos",
      "position":"",
      "salary":491250
    },
    {
      "name":"Henry Rodriguez",
      "position":"",
      "salary":491000
    },
    {
      "name":"Ross Detwiler",
      "position":"",
      "salary":485000
    },
    {
      "name":"Craig Stammen",
      "position":"",
      "salary":485000
    },
    {
      "name":"Stephen Lombardozzi",
      "position":"",
      "salary":481000
    },
    {
      "name":"Ryan Mattheus",
      "position":"",
      "salary":481000
    }
  ]
}