<?xml version="1.0"?>
<!DOCTYPE client-cache PUBLIC
    "-//GemStone Systems, Inc.//GemFire Declarative Caching 6.5//EN"
    "http://www.gemstone.com/dtd/cache6_5.dtd">

<!--
  | Client.xml
  |
  | Configures a region as a client region in a client/server cache. The 
  | region's pool connects to a cacheserver listening on port 40404.
 -->
<client-cache>
	<pool name="client" subscription-enabled="true">
		<server host="localhost" port="40404" />
	</pool>

	<region name="exampleRegion">
		<region-attributes refid="CACHING_PROXY">
			<cache-listener>
				<class-name>quickstart.SimpleCacheListener</class-name>
			</cache-listener>
		</region-attributes>
	</region>
</client-cache>
