<?xml version="1.0"?>
<!DOCTYPE cache PUBLIC
    "-//GemStone Systems, Inc.//GemFire Declarative Caching 6.5//EN"
    "http://www.gemstone.com/dtd/cache6_5.dtd">
    
<!--
  | DataExpiration.xml
  |
  | Configures a region with entry idle time expiration.
 -->
<cache>
	<region name="exampleRegion">
		<region-attributes>
			<entry-idle-time>
				<expiration-attributes timeout="10" action="destroy" />
			</entry-idle-time>
			<cache-listener>
				<class-name>quickstart.SimpleCacheListener</class-name>
			</cache-listener>
		</region-attributes>
	</region>
</cache>
