<?xml version="1.0" encoding="UTF-8"?>
<!DOCTYPE cache PUBLIC
    "-//GemStone Systems, Inc.//GemFire Declarative Caching 6.5//EN"
    "http://www.gemstone.com/dtd/cache6_5.dtd">

<!--
  | I18nServer.xml
  |
  | Configures a cache to serve clients at port 40404.
  | The example region is populated with utf8 encoded Japanese keys. 
 -->
<cache>
	<bridge-server port="40404"/>
	
		<region name="家具店"> <!-- furniture store -->
			<region-attributes scope="distributed-no-ack" data-policy="normal" />
			<entry>
				<key>
					<string>椅子</string>
				</key>
				<value>
					<string>10.676¥</string>
				</value>
			</entry>
			<entry>
				<key>
					<string>テーブル</string>
				</key>
				<value>
					<string>98.834¥</string>
				</value>
			</entry>
			<entry>
				<key>
					<string>布団</string>
				</key>
				<value>
					<string>71.419¥</string>
				</value>
			</entry>
		</region>
</cache>
