<?xml version="1.0"?>
<!DOCTYPE cache PUBLIC
    "-//GemStone Systems, Inc.//GemFire Declarative Caching 6.5//EN"
    "http://www.gemstone.com/dtd/cache6_5.dtd">

<!--
  | PushConsumer.xml
  |
  | Configures a consumer region for a data replication example.
-->
<cache>
	<region name="exampleRegion">
		<region-attributes refid="REPLICATE">
			<cache-listener>
				<class-name>quickstart.SimpleCacheListener</class-name>
			</cache-listener>
		</region-attributes>
	</region>
</cache>
