{
    "kind": "List",
    "apiVersion": "v1",
    "metadata": {},
    "items": [
        {
            "kind": "ImageStream",
            "apiVersion": "v1",
            "metadata": {
                "name": "php1",
                "creationTimestamp": null,
                "labels": {
                    "app": "php1"
                }
            },
            "spec": {},
            "status": {
                "dockerImageRepository": ""
            }
        },
        {
            "kind": "BuildConfig",
            "apiVersion": "v1",
            "metadata": {
                "name": "php1",
                "creationTimestamp": null,
                "labels": {
                    "app": "php1"
                }
            },
            "spec": {
                "triggers": [
                    {
                        "type": "GitHub",
                        "github": {
                            "secret": "_qra2yDl4F0pXwATYRim"
                        }
                    },
                    {
                        "type": "Generic",
                        "generic": {
                            "secret": "yO02UpC1ioy0nC5SUv8k"
                        }
                    },
                    {
                        "type": "ImageChange",
                        "imageChange": {}
                    }
                ],
                "source": {
                    "type": "Git",
                    "git": {
                        "uri": "http://workstation.lab.example.com/php-helloworld"
                    }
                },
                "strategy": {
                    "type": "Source",
                    "sourceStrategy": {
                        "from": {
                            "kind": "ImageStreamTag",
                            "namespace": "openshift",
                            "name": "php:5.5"
                        }
                    }
                },
                "output": {
                    "to": {
                        "kind": "ImageStreamTag",
                        "name": "php1:latest"
                    }
                },
                "resources": {}
            },
            "status": {
                "lastVersion": 0
            }
        },
        {
            "kind": "DeploymentConfig",
            "apiVersion": "v1",
            "metadata": {
                "name": "php1",
                "creationTimestamp": null,
                "labels": {
                    "app": "php1"
                }
            },
            "spec": {
                "strategy": {
                    "resources": {}
                },
                "triggers": [
                    {
                        "type": "ConfigChange"
                    },
                    {
                        "type": "ImageChange",
                        "imageChangeParams": {
                            "automatic": true,
                            "containerNames": [
                                "php1"
                            ],
                            "from": {
                                "kind": "ImageStreamTag",
                                "name": "php1:latest"
                            }
                        }
                    }
                ],
                "replicas": 1,
                "selector": {
                    "deploymentconfig": "php1"
                },
                "template": {
                    "metadata": {
                        "creationTimestamp": null,
                        "labels": {
                            "deploymentconfig": "php1"
                        }
                    },
                    "spec": {
                        "containers": [
                            {
                                "name": "php1",
                                "image": "library/php1:latest",
                                "ports": [
                                    {
                                        "containerPort": 8080,
                                        "protocol": "TCP"
                                    }
                                ],
                                "resources": {}
                            }
                        ]
                    }
                }
            },
            "status": {}
        },
        {
            "kind": "Service",
            "apiVersion": "v1",
            "metadata": {
                "name": "php1",
                "creationTimestamp": null,
                "labels": {
                    "app": "php1"
                }
            },
            "spec": {
                "ports": [
                    {
                        "name": "8080-tcp",
                        "protocol": "TCP",
                        "port": 8080,
                        "targetPort": 8080,
                        "nodePort": 0
                    }
                ],
                "selector": {
                    "deploymentconfig": "php1"
                }
            },
            "status": {
                "loadBalancer": {}
            }
        }
    ]
}
